year,DOMESTICMIG,REGION,CENSUS2010POP,STATE,POPESTIMATE,BIRTHS,NATURALINC,INTERNATIONALMIG,DEATHS,ESTIMATESBASE
2010,1238,South Region,4779736,Alabama,4785448,14227,3154,928,11073,4780138
2011,-2239,South Region,4779736,Alabama,4798834,59689,10871,4716,48818,
2012,59,South Region,4779736,Alabama,4815564,59070,10706,5874,48364,
2013,2641,South Region,4779736,Alabama,4830460,57936,7089,5111,50847,
2014,-755,South Region,4779736,Alabama,4842481,58907,9215,3753,49692,
2015,-1553,South Region,4779736,Alabama,4853160,59637,7817,4685,51820,
2016,-1977,South Region,4779736,Alabama,4864745,59388,7726,5950,51662,
2017,2065,South Region,4779736,Alabama,4875120,58259,5226,3190,53033,
2018,5718,South Region,4779736,Alabama,4887871,57216,3791,3344,53425,
2010,1162,West Region,710231,Alaska,713906,2893,1969,433,924,710249
2011,-979,West Region,710231,Alaska,722038,11702,7766,1320,3936,
2012,-1274,West Region,710231,Alaska,730399,11123,7188,2361,3935,
2013,-3544,West Region,710231,Alaska,737045,11342,7296,2881,4046,
2014,-9593,West Region,710231,Alaska,736307,11446,7411,1213,4035,
2015,-8178,West Region,710231,Alaska,737547,11335,6981,2306,4354,
2016,-5175,West Region,710231,Alaska,741504,11247,6806,2282,4441,
2017,-10746,West Region,710231,Alaska,739786,10981,6395,2595,4586,
2018,-10752,West Region,710231,Alaska,737438,10693,5955,2401,4738,
2010,3496,West Region,6392017,Arizona,6407774,20942,9458,2709,11484,6392288
2011,10583,West Region,6392017,Arizona,6473497,86103,37946,17126,48157,
2012,30078,West Region,6392017,Arizona,6556629,85580,36834,15779,48746,
2013,23960,West Region,6392017,Arizona,6634999,86100,35510,18681,50590,
2014,40464,West Region,6392017,Arizona,6733840,86124,35888,22020,50236,
2015,45315,West Region,6392017,Arizona,6833596,86765,33915,20235,52850,
2016,61949,West Region,6392017,Arizona,6945452,84965,28942,20865,56023,
2017,62930,West Region,6392017,Arizona,7048876,83743,26063,14248,57680,
2018,83240,West Region,6392017,Arizona,7171646,83550,24744,14335,58806,
2010,2459,South Region,2915918,Arkansas,2921978,9438,2471,811,6967,2916028
2011,5504,South Region,2915918,Arkansas,2940407,38442,8979,3717,29463,
2012,-1099,South Region,2915918,Arkansas,2952109,38596,8821,3799,29775,
2013,-2046,South Region,2915918,Arkansas,2959549,37977,7038,2384,30939,
2014,-3305,South Region,2915918,Arkansas,2967726,38230,8288,3188,29942,
2015,-146,South Region,2915918,Arkansas,2978407,38779,7448,3398,31331,
2016,1065,South Region,2915918,Arkansas,2990410,38604,7462,3516,31142,
2017,4003,South Region,2915918,Arkansas,3002997,37703,6404,2180,31299,
2018,2475,South Region,2915918,Arkansas,3013825,37191,6098,2260,31093,
2010,-20443,West Region,37253956,California,37320903,123311,66043,21145,57268,37254523
2011,-53949,West Region,37253956,California,37641823,509763,271319,105527,238444,
2012,-40787,West Region,37253956,California,37960782,497431,257882,105015,239549,
2013,-52973,West Region,37253956,California,38280824,499628,251905,123416,247723,
2014,-45720,West Region,37253956,California,38625139,498911,254960,138111,243951,
2015,-80259,West Region,37253956,California,38953142,500353,246797,164026,253556,
2016,-122586,West Region,37253956,California,39209127,490384,230452,148792,259932,
2017,-137608,West Region,37253956,California,39399349,481969,208607,119732,273362,
2018,-156068,West Region,37253956,California,39557045,477145,196471,117797,280674,
2010,6792,West Region,5029196,Colorado,5048281,16789,8949,2376,7840,5029316
2011,26255,West Region,5029196,Colorado,5121771,65919,33904,12670,32015,
2012,27951,West Region,5029196,Colorado,5193721,64743,32020,11357,32723,
2013,35843,West Region,5029196,Colorado,5270482,64736,31155,9060,33581,
2014,38359,West Region,5029196,Colorado,5351218,65722,31788,9814,33934,
2015,56508,West Region,5029196,Colorado,5452107,66345,30081,13493,36264,
2016,49138,West Region,5029196,Colorado,5540921,66595,29868,9546,36727,
2017,37643,West Region,5029196,Colorado,5615902,66373,28685,8447,37688,
2018,43293,West Region,5029196,Colorado,5695564,66249,27882,8207,38367,
2010,124,Northeast Region,3574097,Connecticut,3579125,9492,2649,2452,6843,3574147
2011,-12343,Northeast Region,3574097,Connecticut,3588023,37642,8327,13027,29315,
2012,-17392,Northeast Region,3574097,Connecticut,3594395,36853,7766,16035,29087,
2013,-16929,Northeast Region,3574097,Connecticut,3594915,36138,6354,11171,29784,
2014,-25041,Northeast Region,3574097,Connecticut,3594783,36158,6490,18263,29668,
2015,-29986,Northeast Region,3574097,Connecticut,3587509,36319,5946,16614,30373,
2016,-29202,Northeast Region,3574097,Connecticut,3578674,35892,5807,14489,30085,
2017,-23652,Northeast Region,3574097,Connecticut,3573880,35396,4327,14454,31069,
2018,-21509,Northeast Region,3574097,Connecticut,3572665,35048,3736,16494,31312,
2010,276,South Region,897934,Delaware,899595,2848,1006,362,1842,897934
2011,2782,South Region,897934,Delaware,907316,11301,3429,1556,7872,
2012,3231,South Region,897934,Delaware,915188,11155,3462,1244,7693,
2013,3322,South Region,897934,Delaware,923638,10889,2797,2387,8092,
2014,4246,South Region,897934,Delaware,932596,10982,2905,1781,8077,
2015,4049,South Region,897934,Delaware,941413,11026,2493,2281,8533,
2016,3377,South Region,897934,Delaware,949216,11086,2583,1838,8503,
2017,4470,South Region,897934,Delaware,957078,10868,1679,1688,9189,
2018,6858,South Region,897934,Delaware,967171,10709,1402,1820,9307,
2010,1343,South Region,601723,District of Columbia,605085,2246,1066,699,1180,601766
2011,7251,South Region,601723,District of Columbia,619602,9199,4527,2429,4672,
2012,6760,South Region,601723,District of Columbia,634725,9231,4688,3410,4543,
2013,6118,South Region,601723,District of Columbia,650431,9446,4635,4751,4811,
2014,2086,South Region,601723,District of Columbia,662513,9334,4686,5222,4648,
2015,2865,South Region,601723,District of Columbia,675254,9652,4757,5042,4895,
2016,2907,South Region,601723,District of Columbia,686575,9715,4860,3504,4855,
2017,1146,South Region,601723,District of Columbia,695691,9780,4328,3616,5452,
2018,-936,South Region,601723,District of Columbia,702455,9788,4104,3592,5684,
2010,10291,South Region,18801310,Florida,18845785,50875,9108,22421,41767,18804580
2011,106023,South Region,18801310,Florida,19093352,213213,38705,101645,174508,
2012,91420,South Region,18801310,Florida,19326230,214009,40260,99907,173749,
2013,99974,South Region,18801310,Florida,19563166,212995,31367,104788,181628,
2014,143628,South Region,18801310,Florida,19860330,218336,37279,113737,181057,
2015,196632,South Region,18801310,Florida,20224249,221755,30764,134214,190991,
2016,216222,South Region,18801310,Florida,20629982,224643,31014,157738,193629,
2017,163595,South Region,18801310,Florida,20976812,224012,20289,162228,203723,
2018,132602,South Region,18801310,Florida,21299325,221488,13323,175670,208165,
2010,2883,South Region,9687653,Georgia,9711810,32497,15298,4174,17199,9688709
2011,15503,South Region,9687653,Georgia,9801578,132614,61488,11982,71126,
2012,15704,South Region,9687653,Georgia,9901496,131870,61448,21860,70422,
2013,-5471,South Region,9687653,Georgia,9973326,128660,53845,22766,74815,
2014,23419,South Region,9687653,Georgia,10069001,129559,54729,17314,74830,
2015,33086,South Region,9687653,Georgia,10181111,131677,53149,25712,78528,
2016,37979,South Region,9687653,Georgia,10304763,130724,50708,34971,80016,
2017,40388,South Region,9687653,Georgia,10413055,129047,46268,21625,82779,
2018,41914,South Region,9687653,Georgia,10519475,127649,42761,21786,84888,
2010,-359,West Region,1360301,Hawaii,1363963,4644,2110,1988,2534,1360307
2011,-938,West Region,1360301,Hawaii,1379252,19154,9090,7313,10064,
2012,-3013,West Region,1360301,Hawaii,1394905,18896,8651,10197,10245,
2013,-760,West Region,1360301,Hawaii,1408453,19036,8697,5758,10339,
2014,-5688,West Region,1360301,Hawaii,1414862,18955,8216,3940,10739,
2015,-6834,West Region,1360301,Hawaii,1422484,18215,7146,7389,11069,
2016,-11424,West Region,1360301,Hawaii,1428105,18249,7411,9669,10838,
2017,-14153,West Region,1360301,Hawaii,1424203,17817,5542,4721,12275,
2018,-12430,West Region,1360301,Hawaii,1420491,17326,4666,4075,12660,
2010,-378,West Region,1567582,Idaho,1570773,5969,3411,122,2558,1567657
2011,272,West Region,1567582,Idaho,1583828,22952,11065,1608,11887,
2012,-558,West Region,1567582,Idaho,1595441,22362,10463,1593,11899,
2013,3695,West Region,1567582,Idaho,1611530,22704,10406,1855,12298,
2014,8462,West Region,1567582,Idaho,1631479,22434,9891,1403,12543,
2015,6752,West Region,1567582,Idaho,1651523,23036,10142,3101,12894,
2016,18493,West Region,1567582,Idaho,1682930,22649,9362,3505,13287,
2017,24732,West Region,1567582,Idaho,1718904,22403,9494,1694,12909,
2018,24095,West Region,1567582,Idaho,1754208,22412,9423,1681,12989,
2010,-13357,Midwest Region,12830632,Illinois,12840762,41835,17781,5136,24054,12831572
2011,-65999,Midwest Region,12830632,Illinois,12867291,162426,60811,31610,101615,
2012,-70308,Midwest Region,12830632,Illinois,12884119,160152,58861,28316,101291,
2013,-67632,Midwest Region,12830632,Illinois,12898269,157511,53204,28700,104307,
2014,-94459,Midwest Region,12830632,Illinois,12888962,157522,54813,29935,102709,
2015,-108103,Midwest Region,12830632,Illinois,12864342,159244,51646,31480,107598,
2016,-113136,Midwest Region,12830632,Illinois,12826895,156299,50102,25446,106197,
2017,-114689,Midwest Region,12830632,Illinois,12786196,151472,43224,30536,108248,
2018,-114154,Midwest Region,12830632,Illinois,12741080,148117,38025,30735,110092,
2010,-3061,Midwest Region,6483802,Indiana,6490436,20960,7100,2391,13860,6484061
2011,-8711,Midwest Region,6483802,Indiana,6516045,83465,25567,8941,57898,
2012,-13318,Midwest Region,6483802,Indiana,6537640,83077,24450,10680,58627,
2013,-382,Midwest Region,6483802,Indiana,6568367,83369,22661,8760,60708,
2014,-7613,Midwest Region,6483802,Indiana,6593533,83522,23666,9708,59856,
2015,-14132,Midwest Region,6483802,Indiana,6608296,84172,21226,8007,62946,
2016,-9743,Midwest Region,6483802,Indiana,6633344,83560,21417,13506,62143,
2017,-1639,Midwest Region,6483802,Indiana,6660082,82093,19482,9067,62611,
2018,3555,Midwest Region,6483802,Indiana,6691878,81075,19211,9227,61864,
2010,-553,Midwest Region,3046355,Iowa,3050767,9966,3095,1454,6871,3046872
2011,-541,Midwest Region,3046355,Iowa,3066054,37852,9642,6180,28210,
2012,-4438,Midwest Region,3046355,Iowa,3076097,38478,10430,4068,28048,
2013,306,Midwest Region,3046355,Iowa,3093078,38805,9666,6973,29139,
2014,-891,Midwest Region,3046355,Iowa,3109504,39460,10535,6862,28925,
2015,-3304,Midwest Region,3046355,Iowa,3121460,39694,9886,5492,29808,
2016,-5508,Midwest Region,3046355,Iowa,3131785,39428,10239,5622,29189,
2017,-4010,Midwest Region,3046355,Iowa,3143637,38892,10075,5809,28817,
2018,-2886,Midwest Region,3046355,Iowa,3156145,38417,9614,5828,28803,
2010,210,Midwest Region,2853118,Kansas,2858213,9990,3996,946,5994,2853126
2011,-8983,Midwest Region,2853118,Kansas,2869035,40125,14946,4854,25179,
2012,-4459,Midwest Region,2853118,Kansas,2885361,39580,14613,6097,24967,
2013,-11799,Midwest Region,2853118,Kansas,2893510,39724,14131,5815,25593,
2014,-13033,Midwest Region,2853118,Kansas,2900896,39291,13791,6641,25500,
2015,-12945,Midwest Region,2853118,Kansas,2909502,38999,12442,9214,26557,
2016,-18147,Midwest Region,2853118,Kansas,2911263,38616,12346,7582,26270,
2017,-14741,Midwest Region,2853118,Kansas,2910689,37410,11933,2267,25477,
2018,-12564,Midwest Region,2853118,Kansas,2911505,36637,11365,2057,25272,
2010,4035,South Region,4339367,Kentucky,4348200,13696,3157,1512,10539,4339333
2011,3434,South Region,4339367,Kentucky,4369488,55319,12889,5057,42430,
2012,-3330,South Region,4339367,Kentucky,4386381,55290,12503,7841,42787,
2013,-2018,South Region,4339367,Kentucky,4404817,56047,11623,8887,44424,
2014,-7165,South Region,4339367,Kentucky,4414483,55757,12073,5034,43684,
2015,-5351,South Region,4339367,Kentucky,4425999,55948,9581,7459,46367,
2016,-3670,South Region,4339367,Kentucky,4438229,55666,8908,7104,46758,
2017,1627,South Region,4339367,Kentucky,4453874,54793,8216,5923,46577,
2018,798,South Region,4339367,Kentucky,4468402,53803,8025,5816,45778,
2010,4091,South Region,4533372,Louisiana,4544532,14574,5397,1206,9177,4533485
2011,1970,South Region,4533372,Louisiana,4575184,62300,21542,6783,40758,
2012,-304,South Region,4533372,Louisiana,4600814,62274,21537,4209,40737,
2013,-1426,South Region,4533372,Louisiana,4624577,62527,18747,6178,43780,
2014,-5676,South Region,4533372,Louisiana,4644204,64205,20631,4690,43574,
2015,-5903,South Region,4533372,Louisiana,4664851,64393,20436,6170,43957,
2016,-13106,South Region,4533372,Louisiana,4678215,63973,20300,6247,43673,
2017,-27458,South Region,4533372,Louisiana,4670818,62145,17000,3064,45145,
2018,-27914,South Region,4533372,Louisiana,4659978,60341,14085,3012,46256,
2010,-1313,Northeast Region,1328361,Maine,1327632,3439,340,294,3099,1328369
2011,-82,Northeast Region,1328361,Maine,1328150,12625,-404,1110,13029,
2012,-841,Northeast Region,1328361,Maine,1327691,12803,54,492,12749,
2013,-594,Northeast Region,1328361,Maine,1328196,12871,-532,1753,13403,
2014,364,Northeast Region,1328361,Maine,1330760,12700,-654,3002,13354,
2015,-1270,Northeast Region,1328361,Maine,1328484,12652,-1526,621,14178,
2016,2536,Northeast Region,1328361,Maine,1331370,12652,-1517,1922,14169,
2017,4690,Northeast Region,1328361,Maine,1335063,12581,-1532,579,14113,
2018,4469,Northeast Region,1328361,Maine,1338404,12438,-1641,570,14079,
2010,841,South Region,5773552,Maryland,5788642,18454,7826,6590,10628,5773798
2011,208,South Region,5773552,Maryland,5838991,73542,29868,20726,43674,
2012,-6323,South Region,5773552,Maryland,5887072,72720,29259,25760,43461,
2013,-10919,South Region,5773552,Maryland,5923704,72362,26626,21406,45736,
2014,-16504,South Region,5773552,Maryland,5958165,72756,28021,23397,44735,
2015,-25680,South Region,5773552,Maryland,5986717,74158,26998,27566,47160,
2016,-29676,South Region,5773552,Maryland,6004692,73387,26148,21569,47239,
2017,-24011,South Region,5773552,Maryland,6024891,72138,21583,22756,50555,
2018,-24518,South Region,5773552,Maryland,6042718,71029,19845,22575,51184,
2010,3556,Northeast Region,6547629,Massachusetts,6566431,18647,6358,8978,12289,6547790
2011,-5779,Northeast Region,6547629,Massachusetts,6613149,73183,19164,33969,54019,
2012,-7578,Northeast Region,6547629,Massachusetts,6663158,72220,19803,38501,52417,
2013,-3050,Northeast Region,6547629,Massachusetts,6713944,72154,17369,37172,54785,
2014,-10714,Northeast Region,6547629,Massachusetts,6763652,71948,17220,44209,54728,
2015,-22191,Northeast Region,6547629,Massachusetts,6795891,71924,14448,40527,57476,
2016,-30232,Northeast Region,6547629,Massachusetts,6826022,71418,15456,45032,55962,
2017,-24844,Northeast Region,6547629,Massachusetts,6863246,70675,12578,49668,58097,
2018,-25755,Northeast Region,6547629,Massachusetts,6902149,70297,11791,53013,58506,
2010,-18683,Midwest Region,9883640,Michigan,9877535,29109,7010,4618,22099,9884117
2011,-42146,Midwest Region,9883640,Michigan,9881521,113976,24134,21780,89842,
2012,-32516,Midwest Region,9883640,Michigan,9896930,113078,24029,24111,89049,
2013,-27887,Midwest Region,9883640,Michigan,9913349,113008,20710,23401,92298,
2014,-28283,Midwest Region,9883640,Michigan,9930589,114523,22694,23342,91829,
2015,-36454,Midwest Region,9883640,Michigan,9932573,113793,17425,21492,96368,
2016,-27061,Midwest Region,9883640,Michigan,9951890,113315,18540,28090,94775,
2017,-13021,Midwest Region,9883640,Michigan,9976447,112080,16450,21416,95630,
2018,-16766,Midwest Region,9883640,Michigan,9995915,110676,15062,21415,95614,
2010,-4049,Midwest Region,5303925,Minnesota,5310843,17498,8158,2954,9340,5303925
2011,-5302,Midwest Region,5303925,Minnesota,5345668,68368,28386,11931,39982,
2012,-8917,Midwest Region,5303925,Minnesota,5376550,68045,28729,11342,39316,
2013,-1281,Midwest Region,5303925,Minnesota,5413693,68968,27648,11130,41320,
2014,-6649,Midwest Region,5303925,Minnesota,5451522,69895,29071,16024,40824,
2015,-11896,Midwest Region,5303925,Minnesota,5482503,69709,26766,16573,42943,
2016,-2432,Midwest Region,5303925,Minnesota,5523409,69813,27149,16392,42664,
2017,7598,Midwest Region,5303925,Minnesota,5568155,69258,26612,10766,42646,
2018,6769,Midwest Region,5303925,Minnesota,5611179,68617,25770,10718,42847,
2010,-1077,South Region,2967297,Mississippi,2970536,9418,2775,594,6643,2968118
2011,-5002,South Region,2967297,Mississippi,2978470,39745,10614,2117,29131,
2012,-7351,South Region,2967297,Mississippi,2983767,39431,10413,1993,29018,
2013,-4638,South Region,2967297,Mississippi,2988797,38506,7867,1737,30639,
2014,-8933,South Region,2967297,Mississippi,2990623,38716,8137,2608,30579,
2015,-12263,South Region,2967297,Mississippi,2988693,38578,7071,3243,31507,
2016,-7990,South Region,2967297,Mississippi,2988298,38155,6655,961,31500,
2017,-7367,South Region,2967297,Mississippi,2989663,37204,6123,2612,31081,
2018,-10818,South Region,2967297,Mississippi,2986530,36319,4963,2749,31356,
2010,-516,Midwest Region,5988927,Missouri,5995976,19015,5834,1884,13181,5988952
2011,-14935,Midwest Region,5988927,Missouri,6009641,76247,20263,8457,55984,
2012,-11587,Midwest Region,5988927,Missouri,6024081,75430,19797,6545,55633,
2013,-6235,Midwest Region,5988927,Missouri,6040658,75170,17590,5486,57580,
2014,-8922,Midwest Region,5988927,Missouri,6056293,75777,18644,6303,57133,
2015,-8381,Midwest Region,5988927,Missouri,6071745,75141,15083,9122,60058,
2016,-5749,Midwest Region,5988927,Missouri,6087203,74889,15650,5634,59239,
2017,-893,Midwest Region,5988927,Missouri,6108612,73617,14206,8169,59411,
2018,-2790,Midwest Region,5988927,Missouri,6126452,72508,12683,8077,59825,
2010,303,West Region,989415,Montana,990722,3067,680,346,2387,989409
2011,3177,West Region,989415,Montana,997221,12005,2877,437,9128,
2012,3090,West Region,989415,Montana,1003754,12035,3077,332,8958,
2013,5359,West Region,989415,Montana,1013564,12205,2761,1654,9444,
2014,4648,West Region,989415,Montana,1021891,12386,3005,618,9381,
2015,5070,West Region,989415,Montana,1030503,12578,2892,595,9686,
2016,7010,West Region,989415,Montana,1040863,12425,2499,837,9926,
2017,8708,West Region,989415,Montana,1053090,12182,2541,932,9641,
2018,5987,West Region,989415,Montana,1062305,12050,2324,889,9726,
2010,-251,Midwest Region,1826341,Nebraska,1829536,6512,2855,657,3657,1826305
2011,-1209,Midwest Region,1826341,Nebraska,1840538,25725,10103,2131,15622,
2012,-930,Midwest Region,1826341,Nebraska,1853323,25762,10544,3249,15218,
2013,-839,Midwest Region,1826341,Nebraska,1865414,26022,9851,3146,16171,
2014,-1635,Midwest Region,1826341,Nebraska,1879522,26468,10762,5065,15706,
2015,-2311,Midwest Region,1826341,Nebraska,1891507,26859,10282,4112,16577,
2016,-1959,Midwest Region,1826341,Nebraska,1905924,26632,10465,5958,16167,
2017,-3550,Midwest Region,1826341,Nebraska,1917575,26169,10519,4742,15650,
2018,-3314,Midwest Region,1826341,Nebraska,1929268,25899,10334,4705,15565,
2010,-3055,West Region,2700551,Nevada,2702464,8892,3945,985,4947,2700679
2011,-6189,West Region,2700551,Nevada,2712799,35846,15645,1107,20201,
2012,13595,West Region,2700551,Nevada,2744566,34702,14297,3710,20405,
2013,13984,West Region,2700551,Nevada,2776972,35089,13836,4574,21253,
2014,23822,West Region,2700551,Nevada,2819012,35226,13955,3914,21271,
2015,29019,West Region,2700551,Nevada,2868666,36231,13766,6566,22465,
2016,34985,West Region,2700551,Nevada,2919772,36281,12953,3046,23328,
2017,37844,West Region,2700551,Nevada,2972405,36196,11505,3101,24691,
2018,47596,West Region,2700551,Nevada,3034392,36042,11001,3100,25041,
2010,-807,Northeast Region,1316470,New Hampshire,1316777,3265,747,448,2518,1316464
2011,-2051,Northeast Region,1316470,New Hampshire,1319815,12993,2257,2908,10736,
2012,-847,Northeast Region,1316470,New Hampshire,1323962,12370,1863,3261,10507,
2013,-1717,Northeast Region,1316470,New Hampshire,1326408,12595,1723,2548,10872,
2014,2949,Northeast Region,1316470,New Hampshire,1333223,12222,1125,2835,11097,
2015,-1153,Northeast Region,1316470,New Hampshire,1336294,12380,459,3900,11921,
2016,1775,Northeast Region,1316470,New Hampshire,1342373,12358,538,3815,11820,
2017,4738,Northeast Region,1316470,New Hampshire,1349767,12222,149,2548,12073,
2018,3928,Northeast Region,1316470,New Hampshire,1356458,12149,214,2606,11935,
2010,-8758,Northeast Region,8791894,New Jersey,8799624,26538,9447,7198,17091,8791962
2011,-42169,Northeast Region,8791894,New Jersey,8827783,106678,35610,34663,71068,
2012,-45823,Northeast Region,8791894,New Jersey,8845483,104520,35471,28184,69049,
2013,-47133,Northeast Region,8791894,New Jersey,8858362,103459,30987,29049,72472,
2014,-55036,Northeast Region,8791894,New Jersey,8866780,103327,32838,30474,70489,
2015,-68471,Northeast Region,8791894,New Jersey,8870869,103119,30634,41745,72485,
2016,-67589,Northeast Region,8791894,New Jersey,8874516,102901,31755,39398,71146,
2017,-57040,Northeast Region,8791894,New Jersey,8888543,101439,25895,45151,75544,
2018,-50591,Northeast Region,8791894,New Jersey,8908520,100226,23856,46660,76370,
2010,2059,West Region,2059179,New Mexico,2064588,6646,2838,425,3808,2059180
2011,283,West Region,2059179,New Mexico,2080395,27800,11421,4142,16379,
2012,-7179,West Region,2059179,New Mexico,2087549,27048,10592,3830,16456,
2013,-10494,West Region,2059179,New Mexico,2092792,26731,9930,5755,16801,
2014,-13733,West Region,2059179,New Mexico,2090342,26367,9232,1983,17135,
2015,-12446,West Region,2059179,New Mexico,2090211,26051,8398,3933,17653,
2016,-7176,West Region,2059179,New Mexico,2092789,25261,7115,2683,18146,
2017,-7514,West Region,2059179,New Mexico,2093395,24088,5819,2330,18269,
2018,-5851,West Region,2059179,New Mexico,2095428,23803,5605,2342,18198,
2010,-22636,Northeast Region,19378102,New York,19400080,61420,26294,19141,35126,19378124
2011,-82398,Northeast Region,19378102,New York,19498514,243113,93361,87879,149752,
2012,-107485,Northeast Region,19378102,New York,19574549,239922,93022,90870,146900,
2013,-111926,Northeast Region,19378102,New York,19628043,239872,87296,78677,152576,
2014,-145183,Northeast Region,19378102,New York,19656330,237032,88188,85344,148844,
2015,-165895,Northeast Region,19378102,New York,19661411,239363,85543,85244,153820,
2016,-193186,Northeast Region,19378102,New York,19641589,235826,84258,88905,151568,
2017,-188585,Northeast Region,19378102,New York,19590719,230364,69683,67949,160681,
2018,-180306,Northeast Region,19378102,New York,19542209,227099,61371,70375,165728,
2010,20593,South Region,9535483,North Carolina,9574293,29914,11251,4656,18663,9535736
2011,30724,South Region,9535483,North Carolina,9656754,121036,41095,10029,79941,
2012,29749,South Region,9535483,North Carolina,9749123,119573,40067,21892,79506,
2013,39304,South Region,9535483,North Carolina,9843599,119381,35065,19502,84316,
2014,34784,South Region,9535483,North Carolina,9933944,120194,36716,18228,83478,
2015,44664,South Region,9535483,North Carolina,10033079,120832,32392,21672,88440,
2016,70785,South Region,9535483,North Carolina,10156679,120839,31678,20960,89161,
2017,64795,South Region,9535483,North Carolina,10270800,120077,28510,20640,91567,
2018,66991,South Region,9535483,North Carolina,10383620,118784,25724,20035,93060,
2010,813,Midwest Region,672591,North Dakota,674710,2338,842,434,1496,672576
2011,5991,Midwest Region,672591,North Dakota,685136,9211,3157,1077,6054,
2012,10571,Midwest Region,672591,North Dakota,701116,9873,3938,1137,5935,
2013,15341,Midwest Region,672591,North Dakota,721999,10252,4028,1096,6224,
2014,9531,Midwest Region,672591,North Dakota,737382,10980,4770,787,6210,
2015,9344,Midwest Region,672591,North Dakota,754022,11404,5056,2068,6348,
2016,-6287,Midwest Region,672591,North Dakota,754353,11333,5169,1409,6164,
2017,-6997,Midwest Region,672591,North Dakota,755176,11182,5128,2659,6054,
2018,-2379,Midwest Region,672591,North Dakota,760077,10869,4656,2597,6213,
2010,-8654,Midwest Region,11536504,Ohio,11539327,34809,8257,3342,26552,11536757
2011,-37755,Midwest Region,11536504,Ohio,11543463,137927,27251,14680,110676,
2012,-38549,Midwest Region,11536504,Ohio,11548369,137682,26270,17524,111412,
2013,-19895,Midwest Region,11536504,Ohio,11576576,139089,24573,24116,114516,
2014,-21196,Midwest Region,11536504,Ohio,11602973,139560,27663,20842,111897,
2015,-30303,Midwest Region,11536504,Ohio,11617850,139546,21266,24567,118280,
2016,-28034,Midwest Region,11536504,Ohio,11635003,138674,21141,24390,117533,
2017,-8133,Midwest Region,11536504,Ohio,11664129,136206,18155,19421,118051,
2018,-12146,Midwest Region,11536504,Ohio,11689442,134734,17375,20514,117359,
2010,1545,South Region,3751351,Oklahoma,3759632,13148,4969,1215,8179,3751583
2011,6626,South Region,3751351,Oklahoma,3787821,52554,14881,6712,37673,
2012,8672,South Region,3751351,Oklahoma,3818600,52346,15394,6622,36952,
2013,13996,South Region,3751351,Oklahoma,3853205,53345,14729,5678,38616,
2014,4275,South Region,3751351,Oklahoma,3878367,53079,14456,6538,38623,
2015,8324,South Region,3751351,Oklahoma,3909831,53529,13801,9408,39728,
2016,-4333,South Region,3751351,Oklahoma,3926769,52856,13591,7764,39265,
2017,-10472,South Region,3751351,Oklahoma,3932640,51758,11989,4406,39769,
2018,-4474,South Region,3751351,Oklahoma,3943079,50778,10728,4272,40050,
2010,986,West Region,3831074,Oregon,3837532,11881,4082,1606,7799,3831075
2011,10918,West Region,3831074,Oregon,3871728,45394,12878,10421,32516,
2012,11098,West Region,3831074,Oregon,3899118,44912,11966,4418,32946,
2013,8870,West Region,3831074,Oregon,3922908,44991,11577,3407,33414,
2014,22447,West Region,3831074,Oregon,3964106,45474,11662,6943,33812,
2015,36822,West Region,3831074,Oregon,4016918,45681,10324,5343,35357,
2016,51262,West Region,3831074,Oregon,4091404,45598,10281,12755,35317,
2017,37490,West Region,3831074,Oregon,4146592,45389,9456,8167,35933,
2018,26819,West Region,3831074,Oregon,4190713,45166,9114,8177,36052,
2010,-1693,Northeast Region,12702379,Pennsylvania,12711158,36121,5907,5457,30214,12702873
2011,-8176,Northeast Region,12702379,Pennsylvania,12744583,142975,15276,27481,127699,
2012,-18630,Northeast Region,12702379,Pennsylvania,12766827,142120,16621,25615,125499,
2013,-29890,Northeast Region,12702379,Pennsylvania,12776621,141805,10860,29587,130945,
2014,-36475,Northeast Region,12702379,Pennsylvania,12789101,142202,15489,34772,126713,
2015,-43725,Northeast Region,12702379,Pennsylvania,12785759,141913,9290,31937,132623,
2016,-50399,Northeast Region,12702379,Pennsylvania,12783538,140256,10318,38222,129938,
2017,-27426,Northeast Region,12702379,Pennsylvania,12790447,137428,3537,31291,133891,
2018,-20463,Northeast Region,12702379,Pennsylvania,12807060,135905,2343,35377,133562,
2010,-1174,Northeast Region,1052567,Rhode Island,1053938,2873,535,1669,2338,1052957
2011,-6155,Northeast Region,1052567,Rhode Island,1053536,11003,1236,4491,9767,
2012,-4996,Northeast Region,1052567,Rhode Island,1054601,11009,1688,4411,9321,
2013,-4505,Northeast Region,1052567,Rhode Island,1055122,10869,1233,3825,9636,
2014,-3534,Northeast Region,1052567,Rhode Island,1056017,10726,1030,3495,9696,
2015,-5143,Northeast Region,1052567,Rhode Island,1056173,10876,805,4541,10071,
2016,-4443,Northeast Region,1052567,Rhode Island,1057063,10902,1080,4276,9822,
2017,-3908,Northeast Region,1052567,Rhode Island,1056486,10768,952,2410,9816,
2018,-2639,Northeast Region,1052567,Rhode Island,1057315,10575,745,2755,9830,
2010,4477,South Region,4625364,South Carolina,4635656,14180,4505,1178,9675,4625381
2011,17335,South Region,4625364,South Carolina,4671422,57475,15440,2742,42035,
2012,23939,South Region,4625364,South Carolina,4717112,57522,15447,5917,42075,
2013,29597,South Region,4625364,South Carolina,4764153,56560,11899,5153,44661,
2014,39857,South Region,4625364,South Carolina,4823793,57287,12766,6332,44521,
2015,49011,South Region,4625364,South Carolina,4892253,58277,11452,7406,46825,
2016,50184,South Region,4625364,South Carolina,4958235,57757,10509,5123,47248,
2017,49600,South Region,4625364,South Carolina,5021219,56668,7534,5706,49134,
2018,50775,South Region,4625364,South Carolina,5084127,56238,6462,5490,49776,
2010,679,Midwest Region,814180,South Dakota,816165,3032,1105,169,1927,814198
2011,1563,Midwest Region,814180,South Dakota,823484,11796,4501,1245,7295,
2012,3356,Midwest Region,814180,South Dakota,833496,11891,4458,2107,7433,
2013,3836,Midwest Region,814180,South Dakota,842270,12059,4768,91,7291,
2014,408,Midwest Region,814180,South Dakota,849088,12440,5268,1069,7172,
2015,-1226,Midwest Region,814180,South Dakota,853933,12255,4502,1610,7753,
2016,1251,Midwest Region,814180,South Dakota,862890,12321,4551,3173,7770,
2017,2006,Midwest Region,814180,South Dakota,873286,12093,4719,3678,7374,
2018,638,Midwest Region,814180,South Dakota,882235,11943,4650,3659,7293,
2010,2839,South Region,6346105,Tennessee,6355301,19659,5352,1000,14307,6346286
2011,15053,South Region,6346105,Tennessee,6397410,78616,18408,8646,60208,
2012,26026,South Region,6346105,Tennessee,6451281,80309,19671,7918,60638,
2013,15067,South Region,6346105,Tennessee,6493432,80283,16792,9920,63491,
2014,22614,South Region,6346105,Tennessee,6540826,80453,16907,7558,63546,
2015,24065,South Region,6346105,Tennessee,6590808,81879,15775,10051,66104,
2016,31894,South Region,6346105,Tennessee,6645011,81259,14623,7649,66636,
2017,41875,South Region,6346105,Tennessee,6708794,80204,12820,9043,67384,
2018,39952,South Region,6346105,Tennessee,6770010,79474,12215,8994,67259,
2010,28034,South Region,25145561,Texas,25242679,92759,51793,15567,40966,25146114
2011,117054,South Region,25145561,Texas,25646227,381742,213652,71953,168090,
2012,143712,South Region,25145561,Texas,26089620,378109,208960,88080,169149,
2013,108849,South Region,25145561,Texas,26489464,384420,205788,83041,178632,
2014,160926,South Region,25145561,Texas,26977142,394325,213553,110340,180772,
2015,172520,South Region,25145561,Texas,27486814,402277,214385,121124,187892,
2016,122969,South Region,25145561,Texas,27937492,400968,212133,115228,188835,
2017,82801,South Region,25145561,Texas,28322717,395212,198816,103032,196396,
2018,82569,South Region,25145561,Texas,28701845,391451,190951,104976,200500,
2010,477,West Region,2763885,Utah,2775334,13752,10065,959,3687,2763891
2011,-567,West Region,2763885,Utah,2814216,51925,36917,2673,15008,
2012,-662,West Region,2763885,Utah,2853467,50448,34973,5024,15475,
2013,5657,West Region,2763885,Utah,2897927,51852,35572,3322,16280,
2014,-202,West Region,2763885,Utah,2937399,50830,34553,5315,16277,
2015,7597,West Region,2763885,Utah,2982497,51014,33767,3951,17247,
2016,19871,West Region,2763885,Utah,3042613,50623,32838,7371,17785,
2017,18359,West Region,2763885,Utah,3103118,50317,33130,8973,17187,
2018,16052,West Region,2763885,Utah,3161105,50124,32968,8967,17156,
2010,-217,Northeast Region,625741,Vermont,625880,1659,329,86,1330,625744
2011,-636,Northeast Region,625741,Vermont,626979,6053,622,1158,5431,
2012,-1722,Northeast Region,625741,Vermont,626063,6087,631,215,5456,
2013,-529,Northeast Region,625741,Vermont,626212,5978,419,321,5559,
2014,-1721,Northeast Region,625741,Vermont,625218,6118,511,291,5607,
2015,-2162,Northeast Region,625741,Vermont,625197,5969,35,2146,5934,
2016,-2213,Northeast Region,625741,Vermont,623644,5834,13,659,5821,
2017,-852,Northeast Region,625741,Vermont,624525,5679,-59,1822,5738,
2018,-62,Northeast Region,625741,Vermont,626299,5599,12,1850,5587,
2010,5493,South Region,8001024,Virginia,8023680,25715,11047,5747,14668,8001055
2011,12030,South Region,8001024,Virginia,8100469,102344,41900,22666,60444,
2012,5020,South Region,8001024,Virginia,8185229,102755,42541,36982,60214,
2013,3217,South Region,8001024,Virginia,8253053,102539,39126,25574,63413,
2014,-15804,South Region,8001024,Virginia,8312076,102589,39956,34565,62633,
2015,-25452,South Region,8001024,Virginia,8362907,103237,37737,38389,65500,
2016,-24951,South Region,8001024,Virginia,8410946,102906,37314,35636,65592,
2017,-12485,South Region,8001024,Virginia,8465207,101529,34292,32541,67237,
2018,-9831,South Region,8001024,Virginia,8517685,99570,30750,31641,68820,
2010,2304,West Region,6724540,Washington,6742902,22236,10411,5947,11825,6724540
2011,22109,West Region,6724540,Washington,6821655,86680,36830,19797,49850,
2012,12300,West Region,6724540,Washington,6892876,86718,37280,21908,49438,
2013,14660,West Region,6724540,Washington,6962906,87238,35917,19429,51321,
2014,22944,West Region,6724540,Washington,7052439,87393,36125,30640,51268,
2015,43178,West Region,6724540,Washington,7163543,88770,34912,32866,53858,
2016,66774,West Region,6724540,Washington,7294680,89747,35054,29086,54693,
2017,64662,West Region,6724540,Washington,7425432,90701,34634,31204,56067,
2018,46549,West Region,6724540,Washington,7535591,90495,32927,30557,57568,
2010,1318,South Region,1852994,West Virginia,1854214,5104,-129,82,5233,1853001
2011,1501,South Region,1852994,West Virginia,1856074,20466,-1442,1867,21908,
2012,730,South Region,1852994,West Virginia,1856764,20676,-816,890,21492,
2013,-2124,South Region,1852994,West Virginia,1853873,20926,-1327,634,22253,
2014,-4254,South Region,1852994,West Virginia,1849467,20571,-1095,996,21666,
2015,-5989,South Region,1852994,West Virginia,1841996,20088,-2694,1268,22782,
2016,-9046,South Region,1852994,West Virginia,1830929,19416,-3043,1037,22459,
2017,-10107,South Region,1852994,West Virginia,1817048,18547,-4082,332,22629,
2018,-7029,South Region,1852994,West Virginia,1805832,18010,-4541,386,22551,
2010,-3451,Midwest Region,5686986,Wisconsin,5690479,17550,5796,1173,11754,5687282
2011,-8869,Midwest Region,5686986,Wisconsin,5704755,67791,19308,4062,48483,
2012,-10190,Midwest Region,5686986,Wisconsin,5719855,67653,19765,5819,47888,
2013,-7347,Midwest Region,5686986,Wisconsin,5736952,66892,16851,7967,50041,
2014,-9988,Midwest Region,5686986,Wisconsin,5751974,67067,17750,7732,49317,
2015,-15112,Midwest Region,5686986,Wisconsin,5761406,67152,15894,9022,51258,
2016,-11395,Midwest Region,5686986,Wisconsin,5772958,66787,15427,7657,51360,
2017,-3318,Midwest Region,5686986,Wisconsin,5792051,65705,15118,7483,50587,
2018,-1011,Midwest Region,5686986,Wisconsin,5813568,64939,14656,8051,50283,
2010,-232,West Region,563626,Wyoming,564483,1994,703,171,1291,563773
2011,-47,West Region,563626,Wyoming,567224,7471,3021,-237,4450,
2012,5345,West Region,563626,Wyoming,576270,7437,3058,463,4379,
2013,2387,West Region,563626,Wyoming,582123,7515,2899,479,4616,
2014,-2528,West Region,563626,Wyoming,582548,7709,3174,-243,4535,
2015,-604,West Region,563626,Wyoming,585668,7797,2959,776,4838,
2016,-4601,West Region,563626,Wyoming,584290,7582,2785,421,4797,
2017,-8546,West Region,563626,Wyoming,578934,7150,2529,622,4621,
2018,-3686,West Region,563626,Wyoming,577737,6840,1893,597,4947,
2010,0,Puerto Rico,3725789,Puerto Rico,3721525,9603,2465,-7097,7138,3726157
2011,0,Puerto Rico,3725789,Puerto Rico,3678732,41243,10983,-53776,30260,
2012,0,Puerto Rico,3725789,Puerto Rico,3634488,40282,10540,-54784,29742,
2013,0,Puerto Rico,3725789,Puerto Rico,3593077,37871,8472,-49883,29399,
2014,0,Puerto Rico,3725789,Puerto Rico,3534874,35717,6886,-65089,28831,
2015,0,Puerto Rico,3725789,Puerto Rico,3473166,32966,3049,-64757,29917,
2016,0,Puerto Rico,3725789,Puerto Rico,3406495,30104,1607,-68278,28497,
2017,0,Puerto Rico,3725789,Puerto Rico,3325001,26226,-3306,-78188,29532,
2018,0,Puerto Rico,3725789,Puerto Rico,3195153,24322,-6449,-123399,30771,
