year,REGION,STATE,CENSUS2010POP,DOMESTICMIG,POPESTIMATE,DEATHS,BIRTHS,INTERNATIONALMIG,ESTIMATESBASE,NATURALINC
2010,South Region,Alabama,4779736,1238,4785448,11073,14227,928,4780138,3154
2011,South Region,Alabama,4779736,-2239,4798834,48818,59689,4716,,10871
2012,South Region,Alabama,4779736,59,4815564,48364,59070,5874,,10706
2013,South Region,Alabama,4779736,2641,4830460,50847,57936,5111,,7089
2014,South Region,Alabama,4779736,-755,4842481,49692,58907,3753,,9215
2015,South Region,Alabama,4779736,-1553,4853160,51820,59637,4685,,7817
2016,South Region,Alabama,4779736,-1977,4864745,51662,59388,5950,,7726
2017,South Region,Alabama,4779736,2065,4875120,53033,58259,3190,,5226
2018,South Region,Alabama,4779736,5718,4887871,53425,57216,3344,,3791
2010,West Region,Alaska,710231,1162,713906,924,2893,433,710249,1969
2011,West Region,Alaska,710231,-979,722038,3936,11702,1320,,7766
2012,West Region,Alaska,710231,-1274,730399,3935,11123,2361,,7188
2013,West Region,Alaska,710231,-3544,737045,4046,11342,2881,,7296
2014,West Region,Alaska,710231,-9593,736307,4035,11446,1213,,7411
2015,West Region,Alaska,710231,-8178,737547,4354,11335,2306,,6981
2016,West Region,Alaska,710231,-5175,741504,4441,11247,2282,,6806
2017,West Region,Alaska,710231,-10746,739786,4586,10981,2595,,6395
2018,West Region,Alaska,710231,-10752,737438,4738,10693,2401,,5955
2010,West Region,Arizona,6392017,3496,6407774,11484,20942,2709,6392288,9458
2011,West Region,Arizona,6392017,10583,6473497,48157,86103,17126,,37946
2012,West Region,Arizona,6392017,30078,6556629,48746,85580,15779,,36834
2013,West Region,Arizona,6392017,23960,6634999,50590,86100,18681,,35510
2014,West Region,Arizona,6392017,40464,6733840,50236,86124,22020,,35888
2015,West Region,Arizona,6392017,45315,6833596,52850,86765,20235,,33915
2016,West Region,Arizona,6392017,61949,6945452,56023,84965,20865,,28942
2017,West Region,Arizona,6392017,62930,7048876,57680,83743,14248,,26063
2018,West Region,Arizona,6392017,83240,7171646,58806,83550,14335,,24744
2010,South Region,Arkansas,2915918,2459,2921978,6967,9438,811,2916028,2471
2011,South Region,Arkansas,2915918,5504,2940407,29463,38442,3717,,8979
2012,South Region,Arkansas,2915918,-1099,2952109,29775,38596,3799,,8821
2013,South Region,Arkansas,2915918,-2046,2959549,30939,37977,2384,,7038
2014,South Region,Arkansas,2915918,-3305,2967726,29942,38230,3188,,8288
2015,South Region,Arkansas,2915918,-146,2978407,31331,38779,3398,,7448
2016,South Region,Arkansas,2915918,1065,2990410,31142,38604,3516,,7462
2017,South Region,Arkansas,2915918,4003,3002997,31299,37703,2180,,6404
2018,South Region,Arkansas,2915918,2475,3013825,31093,37191,2260,,6098
2010,West Region,California,37253956,-20443,37320903,57268,123311,21145,37254523,66043
2011,West Region,California,37253956,-53949,37641823,238444,509763,105527,,271319
2012,West Region,California,37253956,-40787,37960782,239549,497431,105015,,257882
2013,West Region,California,37253956,-52973,38280824,247723,499628,123416,,251905
2014,West Region,California,37253956,-45720,38625139,243951,498911,138111,,254960
2015,West Region,California,37253956,-80259,38953142,253556,500353,164026,,246797
2016,West Region,California,37253956,-122586,39209127,259932,490384,148792,,230452
2017,West Region,California,37253956,-137608,39399349,273362,481969,119732,,208607
2018,West Region,California,37253956,-156068,39557045,280674,477145,117797,,196471
2010,West Region,Colorado,5029196,6792,5048281,7840,16789,2376,5029316,8949
2011,West Region,Colorado,5029196,26255,5121771,32015,65919,12670,,33904
2012,West Region,Colorado,5029196,27951,5193721,32723,64743,11357,,32020
2013,West Region,Colorado,5029196,35843,5270482,33581,64736,9060,,31155
2014,West Region,Colorado,5029196,38359,5351218,33934,65722,9814,,31788
2015,West Region,Colorado,5029196,56508,5452107,36264,66345,13493,,30081
2016,West Region,Colorado,5029196,49138,5540921,36727,66595,9546,,29868
2017,West Region,Colorado,5029196,37643,5615902,37688,66373,8447,,28685
2018,West Region,Colorado,5029196,43293,5695564,38367,66249,8207,,27882
2010,Northeast Region,Connecticut,3574097,124,3579125,6843,9492,2452,3574147,2649
2011,Northeast Region,Connecticut,3574097,-12343,3588023,29315,37642,13027,,8327
2012,Northeast Region,Connecticut,3574097,-17392,3594395,29087,36853,16035,,7766
2013,Northeast Region,Connecticut,3574097,-16929,3594915,29784,36138,11171,,6354
2014,Northeast Region,Connecticut,3574097,-25041,3594783,29668,36158,18263,,6490
2015,Northeast Region,Connecticut,3574097,-29986,3587509,30373,36319,16614,,5946
2016,Northeast Region,Connecticut,3574097,-29202,3578674,30085,35892,14489,,5807
2017,Northeast Region,Connecticut,3574097,-23652,3573880,31069,35396,14454,,4327
2018,Northeast Region,Connecticut,3574097,-21509,3572665,31312,35048,16494,,3736
2010,South Region,Delaware,897934,276,899595,1842,2848,362,897934,1006
2011,South Region,Delaware,897934,2782,907316,7872,11301,1556,,3429
2012,South Region,Delaware,897934,3231,915188,7693,11155,1244,,3462
2013,South Region,Delaware,897934,3322,923638,8092,10889,2387,,2797
2014,South Region,Delaware,897934,4246,932596,8077,10982,1781,,2905
2015,South Region,Delaware,897934,4049,941413,8533,11026,2281,,2493
2016,South Region,Delaware,897934,3377,949216,8503,11086,1838,,2583
2017,South Region,Delaware,897934,4470,957078,9189,10868,1688,,1679
2018,South Region,Delaware,897934,6858,967171,9307,10709,1820,,1402
2010,South Region,District of Columbia,601723,1343,605085,1180,2246,699,601766,1066
2011,South Region,District of Columbia,601723,7251,619602,4672,9199,2429,,4527
2012,South Region,District of Columbia,601723,6760,634725,4543,9231,3410,,4688
2013,South Region,District of Columbia,601723,6118,650431,4811,9446,4751,,4635
2014,South Region,District of Columbia,601723,2086,662513,4648,9334,5222,,4686
2015,South Region,District of Columbia,601723,2865,675254,4895,9652,5042,,4757
2016,South Region,District of Columbia,601723,2907,686575,4855,9715,3504,,4860
2017,South Region,District of Columbia,601723,1146,695691,5452,9780,3616,,4328
2018,South Region,District of Columbia,601723,-936,702455,5684,9788,3592,,4104
2010,South Region,Florida,18801310,10291,18845785,41767,50875,22421,18804580,9108
2011,South Region,Florida,18801310,106023,19093352,174508,213213,101645,,38705
2012,South Region,Florida,18801310,91420,19326230,173749,214009,99907,,40260
2013,South Region,Florida,18801310,99974,19563166,181628,212995,104788,,31367
2014,South Region,Florida,18801310,143628,19860330,181057,218336,113737,,37279
2015,South Region,Florida,18801310,196632,20224249,190991,221755,134214,,30764
2016,South Region,Florida,18801310,216222,20629982,193629,224643,157738,,31014
2017,South Region,Florida,18801310,163595,20976812,203723,224012,162228,,20289
2018,South Region,Florida,18801310,132602,21299325,208165,221488,175670,,13323
2010,South Region,Georgia,9687653,2883,9711810,17199,32497,4174,9688709,15298
2011,South Region,Georgia,9687653,15503,9801578,71126,132614,11982,,61488
2012,South Region,Georgia,9687653,15704,9901496,70422,131870,21860,,61448
2013,South Region,Georgia,9687653,-5471,9973326,74815,128660,22766,,53845
2014,South Region,Georgia,9687653,23419,10069001,74830,129559,17314,,54729
2015,South Region,Georgia,9687653,33086,10181111,78528,131677,25712,,53149
2016,South Region,Georgia,9687653,37979,10304763,80016,130724,34971,,50708
2017,South Region,Georgia,9687653,40388,10413055,82779,129047,21625,,46268
2018,South Region,Georgia,9687653,41914,10519475,84888,127649,21786,,42761
2010,West Region,Hawaii,1360301,-359,1363963,2534,4644,1988,1360307,2110
2011,West Region,Hawaii,1360301,-938,1379252,10064,19154,7313,,9090
2012,West Region,Hawaii,1360301,-3013,1394905,10245,18896,10197,,8651
2013,West Region,Hawaii,1360301,-760,1408453,10339,19036,5758,,8697
2014,West Region,Hawaii,1360301,-5688,1414862,10739,18955,3940,,8216
2015,West Region,Hawaii,1360301,-6834,1422484,11069,18215,7389,,7146
2016,West Region,Hawaii,1360301,-11424,1428105,10838,18249,9669,,7411
2017,West Region,Hawaii,1360301,-14153,1424203,12275,17817,4721,,5542
2018,West Region,Hawaii,1360301,-12430,1420491,12660,17326,4075,,4666
2010,West Region,Idaho,1567582,-378,1570773,2558,5969,122,1567657,3411
2011,West Region,Idaho,1567582,272,1583828,11887,22952,1608,,11065
2012,West Region,Idaho,1567582,-558,1595441,11899,22362,1593,,10463
2013,West Region,Idaho,1567582,3695,1611530,12298,22704,1855,,10406
2014,West Region,Idaho,1567582,8462,1631479,12543,22434,1403,,9891
2015,West Region,Idaho,1567582,6752,1651523,12894,23036,3101,,10142
2016,West Region,Idaho,1567582,18493,1682930,13287,22649,3505,,9362
2017,West Region,Idaho,1567582,24732,1718904,12909,22403,1694,,9494
2018,West Region,Idaho,1567582,24095,1754208,12989,22412,1681,,9423
2010,Midwest Region,Illinois,12830632,-13357,12840762,24054,41835,5136,12831572,17781
2011,Midwest Region,Illinois,12830632,-65999,12867291,101615,162426,31610,,60811
2012,Midwest Region,Illinois,12830632,-70308,12884119,101291,160152,28316,,58861
2013,Midwest Region,Illinois,12830632,-67632,12898269,104307,157511,28700,,53204
2014,Midwest Region,Illinois,12830632,-94459,12888962,102709,157522,29935,,54813
2015,Midwest Region,Illinois,12830632,-108103,12864342,107598,159244,31480,,51646
2016,Midwest Region,Illinois,12830632,-113136,12826895,106197,156299,25446,,50102
2017,Midwest Region,Illinois,12830632,-114689,12786196,108248,151472,30536,,43224
2018,Midwest Region,Illinois,12830632,-114154,12741080,110092,148117,30735,,38025
2010,Midwest Region,Indiana,6483802,-3061,6490436,13860,20960,2391,6484061,7100
2011,Midwest Region,Indiana,6483802,-8711,6516045,57898,83465,8941,,25567
2012,Midwest Region,Indiana,6483802,-13318,6537640,58627,83077,10680,,24450
2013,Midwest Region,Indiana,6483802,-382,6568367,60708,83369,8760,,22661
2014,Midwest Region,Indiana,6483802,-7613,6593533,59856,83522,9708,,23666
2015,Midwest Region,Indiana,6483802,-14132,6608296,62946,84172,8007,,21226
2016,Midwest Region,Indiana,6483802,-9743,6633344,62143,83560,13506,,21417
2017,Midwest Region,Indiana,6483802,-1639,6660082,62611,82093,9067,,19482
2018,Midwest Region,Indiana,6483802,3555,6691878,61864,81075,9227,,19211
2010,Midwest Region,Iowa,3046355,-553,3050767,6871,9966,1454,3046872,3095
2011,Midwest Region,Iowa,3046355,-541,3066054,28210,37852,6180,,9642
2012,Midwest Region,Iowa,3046355,-4438,3076097,28048,38478,4068,,10430
2013,Midwest Region,Iowa,3046355,306,3093078,29139,38805,6973,,9666
2014,Midwest Region,Iowa,3046355,-891,3109504,28925,39460,6862,,10535
2015,Midwest Region,Iowa,3046355,-3304,3121460,29808,39694,5492,,9886
2016,Midwest Region,Iowa,3046355,-5508,3131785,29189,39428,5622,,10239
2017,Midwest Region,Iowa,3046355,-4010,3143637,28817,38892,5809,,10075
2018,Midwest Region,Iowa,3046355,-2886,3156145,28803,38417,5828,,9614
2010,Midwest Region,Kansas,2853118,210,2858213,5994,9990,946,2853126,3996
2011,Midwest Region,Kansas,2853118,-8983,2869035,25179,40125,4854,,14946
2012,Midwest Region,Kansas,2853118,-4459,2885361,24967,39580,6097,,14613
2013,Midwest Region,Kansas,2853118,-11799,2893510,25593,39724,5815,,14131
2014,Midwest Region,Kansas,2853118,-13033,2900896,25500,39291,6641,,13791
2015,Midwest Region,Kansas,2853118,-12945,2909502,26557,38999,9214,,12442
2016,Midwest Region,Kansas,2853118,-18147,2911263,26270,38616,7582,,12346
2017,Midwest Region,Kansas,2853118,-14741,2910689,25477,37410,2267,,11933
2018,Midwest Region,Kansas,2853118,-12564,2911505,25272,36637,2057,,11365
2010,South Region,Kentucky,4339367,4035,4348200,10539,13696,1512,4339333,3157
2011,South Region,Kentucky,4339367,3434,4369488,42430,55319,5057,,12889
2012,South Region,Kentucky,4339367,-3330,4386381,42787,55290,7841,,12503
2013,South Region,Kentucky,4339367,-2018,4404817,44424,56047,8887,,11623
2014,South Region,Kentucky,4339367,-7165,4414483,43684,55757,5034,,12073
2015,South Region,Kentucky,4339367,-5351,4425999,46367,55948,7459,,9581
2016,South Region,Kentucky,4339367,-3670,4438229,46758,55666,7104,,8908
2017,South Region,Kentucky,4339367,1627,4453874,46577,54793,5923,,8216
2018,South Region,Kentucky,4339367,798,4468402,45778,53803,5816,,8025
2010,South Region,Louisiana,4533372,4091,4544532,9177,14574,1206,4533485,5397
2011,South Region,Louisiana,4533372,1970,4575184,40758,62300,6783,,21542
2012,South Region,Louisiana,4533372,-304,4600814,40737,62274,4209,,21537
2013,South Region,Louisiana,4533372,-1426,4624577,43780,62527,6178,,18747
2014,South Region,Louisiana,4533372,-5676,4644204,43574,64205,4690,,20631
2015,South Region,Louisiana,4533372,-5903,4664851,43957,64393,6170,,20436
2016,South Region,Louisiana,4533372,-13106,4678215,43673,63973,6247,,20300
2017,South Region,Louisiana,4533372,-27458,4670818,45145,62145,3064,,17000
2018,South Region,Louisiana,4533372,-27914,4659978,46256,60341,3012,,14085
2010,Northeast Region,Maine,1328361,-1313,1327632,3099,3439,294,1328369,340
2011,Northeast Region,Maine,1328361,-82,1328150,13029,12625,1110,,-404
2012,Northeast Region,Maine,1328361,-841,1327691,12749,12803,492,,54
2013,Northeast Region,Maine,1328361,-594,1328196,13403,12871,1753,,-532
2014,Northeast Region,Maine,1328361,364,1330760,13354,12700,3002,,-654
2015,Northeast Region,Maine,1328361,-1270,1328484,14178,12652,621,,-1526
2016,Northeast Region,Maine,1328361,2536,1331370,14169,12652,1922,,-1517
2017,Northeast Region,Maine,1328361,4690,1335063,14113,12581,579,,-1532
2018,Northeast Region,Maine,1328361,4469,1338404,14079,12438,570,,-1641
2010,South Region,Maryland,5773552,841,5788642,10628,18454,6590,5773798,7826
2011,South Region,Maryland,5773552,208,5838991,43674,73542,20726,,29868
2012,South Region,Maryland,5773552,-6323,5887072,43461,72720,25760,,29259
2013,South Region,Maryland,5773552,-10919,5923704,45736,72362,21406,,26626
2014,South Region,Maryland,5773552,-16504,5958165,44735,72756,23397,,28021
2015,South Region,Maryland,5773552,-25680,5986717,47160,74158,27566,,26998
2016,South Region,Maryland,5773552,-29676,6004692,47239,73387,21569,,26148
2017,South Region,Maryland,5773552,-24011,6024891,50555,72138,22756,,21583
2018,South Region,Maryland,5773552,-24518,6042718,51184,71029,22575,,19845
2010,Northeast Region,Massachusetts,6547629,3556,6566431,12289,18647,8978,6547790,6358
2011,Northeast Region,Massachusetts,6547629,-5779,6613149,54019,73183,33969,,19164
2012,Northeast Region,Massachusetts,6547629,-7578,6663158,52417,72220,38501,,19803
2013,Northeast Region,Massachusetts,6547629,-3050,6713944,54785,72154,37172,,17369
2014,Northeast Region,Massachusetts,6547629,-10714,6763652,54728,71948,44209,,17220
2015,Northeast Region,Massachusetts,6547629,-22191,6795891,57476,71924,40527,,14448
2016,Northeast Region,Massachusetts,6547629,-30232,6826022,55962,71418,45032,,15456
2017,Northeast Region,Massachusetts,6547629,-24844,6863246,58097,70675,49668,,12578
2018,Northeast Region,Massachusetts,6547629,-25755,6902149,58506,70297,53013,,11791
2010,Midwest Region,Michigan,9883640,-18683,9877535,22099,29109,4618,9884117,7010
2011,Midwest Region,Michigan,9883640,-42146,9881521,89842,113976,21780,,24134
2012,Midwest Region,Michigan,9883640,-32516,9896930,89049,113078,24111,,24029
2013,Midwest Region,Michigan,9883640,-27887,9913349,92298,113008,23401,,20710
2014,Midwest Region,Michigan,9883640,-28283,9930589,91829,114523,23342,,22694
2015,Midwest Region,Michigan,9883640,-36454,9932573,96368,113793,21492,,17425
2016,Midwest Region,Michigan,9883640,-27061,9951890,94775,113315,28090,,18540
2017,Midwest Region,Michigan,9883640,-13021,9976447,95630,112080,21416,,16450
2018,Midwest Region,Michigan,9883640,-16766,9995915,95614,110676,21415,,15062
2010,Midwest Region,Minnesota,5303925,-4049,5310843,9340,17498,2954,5303925,8158
2011,Midwest Region,Minnesota,5303925,-5302,5345668,39982,68368,11931,,28386
2012,Midwest Region,Minnesota,5303925,-8917,5376550,39316,68045,11342,,28729
2013,Midwest Region,Minnesota,5303925,-1281,5413693,41320,68968,11130,,27648
2014,Midwest Region,Minnesota,5303925,-6649,5451522,40824,69895,16024,,29071
2015,Midwest Region,Minnesota,5303925,-11896,5482503,42943,69709,16573,,26766
2016,Midwest Region,Minnesota,5303925,-2432,5523409,42664,69813,16392,,27149
2017,Midwest Region,Minnesota,5303925,7598,5568155,42646,69258,10766,,26612
2018,Midwest Region,Minnesota,5303925,6769,5611179,42847,68617,10718,,25770
2010,South Region,Mississippi,2967297,-1077,2970536,6643,9418,594,2968118,2775
2011,South Region,Mississippi,2967297,-5002,2978470,29131,39745,2117,,10614
2012,South Region,Mississippi,2967297,-7351,2983767,29018,39431,1993,,10413
2013,South Region,Mississippi,2967297,-4638,2988797,30639,38506,1737,,7867
2014,South Region,Mississippi,2967297,-8933,2990623,30579,38716,2608,,8137
2015,South Region,Mississippi,2967297,-12263,2988693,31507,38578,3243,,7071
2016,South Region,Mississippi,2967297,-7990,2988298,31500,38155,961,,6655
2017,South Region,Mississippi,2967297,-7367,2989663,31081,37204,2612,,6123
2018,South Region,Mississippi,2967297,-10818,2986530,31356,36319,2749,,4963
2010,Midwest Region,Missouri,5988927,-516,5995976,13181,19015,1884,5988952,5834
2011,Midwest Region,Missouri,5988927,-14935,6009641,55984,76247,8457,,20263
2012,Midwest Region,Missouri,5988927,-11587,6024081,55633,75430,6545,,19797
2013,Midwest Region,Missouri,5988927,-6235,6040658,57580,75170,5486,,17590
2014,Midwest Region,Missouri,5988927,-8922,6056293,57133,75777,6303,,18644
2015,Midwest Region,Missouri,5988927,-8381,6071745,60058,75141,9122,,15083
2016,Midwest Region,Missouri,5988927,-5749,6087203,59239,74889,5634,,15650
2017,Midwest Region,Missouri,5988927,-893,6108612,59411,73617,8169,,14206
2018,Midwest Region,Missouri,5988927,-2790,6126452,59825,72508,8077,,12683
2010,West Region,Montana,989415,303,990722,2387,3067,346,989409,680
2011,West Region,Montana,989415,3177,997221,9128,12005,437,,2877
2012,West Region,Montana,989415,3090,1003754,8958,12035,332,,3077
2013,West Region,Montana,989415,5359,1013564,9444,12205,1654,,2761
2014,West Region,Montana,989415,4648,1021891,9381,12386,618,,3005
2015,West Region,Montana,989415,5070,1030503,9686,12578,595,,2892
2016,West Region,Montana,989415,7010,1040863,9926,12425,837,,2499
2017,West Region,Montana,989415,8708,1053090,9641,12182,932,,2541
2018,West Region,Montana,989415,5987,1062305,9726,12050,889,,2324
2010,Midwest Region,Nebraska,1826341,-251,1829536,3657,6512,657,1826305,2855
2011,Midwest Region,Nebraska,1826341,-1209,1840538,15622,25725,2131,,10103
2012,Midwest Region,Nebraska,1826341,-930,1853323,15218,25762,3249,,10544
2013,Midwest Region,Nebraska,1826341,-839,1865414,16171,26022,3146,,9851
2014,Midwest Region,Nebraska,1826341,-1635,1879522,15706,26468,5065,,10762
2015,Midwest Region,Nebraska,1826341,-2311,1891507,16577,26859,4112,,10282
2016,Midwest Region,Nebraska,1826341,-1959,1905924,16167,26632,5958,,10465
2017,Midwest Region,Nebraska,1826341,-3550,1917575,15650,26169,4742,,10519
2018,Midwest Region,Nebraska,1826341,-3314,1929268,15565,25899,4705,,10334
2010,West Region,Nevada,2700551,-3055,2702464,4947,8892,985,2700679,3945
2011,West Region,Nevada,2700551,-6189,2712799,20201,35846,1107,,15645
2012,West Region,Nevada,2700551,13595,2744566,20405,34702,3710,,14297
2013,West Region,Nevada,2700551,13984,2776972,21253,35089,4574,,13836
2014,West Region,Nevada,2700551,23822,2819012,21271,35226,3914,,13955
2015,West Region,Nevada,2700551,29019,2868666,22465,36231,6566,,13766
2016,West Region,Nevada,2700551,34985,2919772,23328,36281,3046,,12953
2017,West Region,Nevada,2700551,37844,2972405,24691,36196,3101,,11505
2018,West Region,Nevada,2700551,47596,3034392,25041,36042,3100,,11001
2010,Northeast Region,New Hampshire,1316470,-807,1316777,2518,3265,448,1316464,747
2011,Northeast Region,New Hampshire,1316470,-2051,1319815,10736,12993,2908,,2257
2012,Northeast Region,New Hampshire,1316470,-847,1323962,10507,12370,3261,,1863
2013,Northeast Region,New Hampshire,1316470,-1717,1326408,10872,12595,2548,,1723
2014,Northeast Region,New Hampshire,1316470,2949,1333223,11097,12222,2835,,1125
2015,Northeast Region,New Hampshire,1316470,-1153,1336294,11921,12380,3900,,459
2016,Northeast Region,New Hampshire,1316470,1775,1342373,11820,12358,3815,,538
2017,Northeast Region,New Hampshire,1316470,4738,1349767,12073,12222,2548,,149
2018,Northeast Region,New Hampshire,1316470,3928,1356458,11935,12149,2606,,214
2010,Northeast Region,New Jersey,8791894,-8758,8799624,17091,26538,7198,8791962,9447
2011,Northeast Region,New Jersey,8791894,-42169,8827783,71068,106678,34663,,35610
2012,Northeast Region,New Jersey,8791894,-45823,8845483,69049,104520,28184,,35471
2013,Northeast Region,New Jersey,8791894,-47133,8858362,72472,103459,29049,,30987
2014,Northeast Region,New Jersey,8791894,-55036,8866780,70489,103327,30474,,32838
2015,Northeast Region,New Jersey,8791894,-68471,8870869,72485,103119,41745,,30634
2016,Northeast Region,New Jersey,8791894,-67589,8874516,71146,102901,39398,,31755
2017,Northeast Region,New Jersey,8791894,-57040,8888543,75544,101439,45151,,25895
2018,Northeast Region,New Jersey,8791894,-50591,8908520,76370,100226,46660,,23856
2010,West Region,New Mexico,2059179,2059,2064588,3808,6646,425,2059180,2838
2011,West Region,New Mexico,2059179,283,2080395,16379,27800,4142,,11421
2012,West Region,New Mexico,2059179,-7179,2087549,16456,27048,3830,,10592
2013,West Region,New Mexico,2059179,-10494,2092792,16801,26731,5755,,9930
2014,West Region,New Mexico,2059179,-13733,2090342,17135,26367,1983,,9232
2015,West Region,New Mexico,2059179,-12446,2090211,17653,26051,3933,,8398
2016,West Region,New Mexico,2059179,-7176,2092789,18146,25261,2683,,7115
2017,West Region,New Mexico,2059179,-7514,2093395,18269,24088,2330,,5819
2018,West Region,New Mexico,2059179,-5851,2095428,18198,23803,2342,,5605
2010,Northeast Region,New York,19378102,-22636,19400080,35126,61420,19141,19378124,26294
2011,Northeast Region,New York,19378102,-82398,19498514,149752,243113,87879,,93361
2012,Northeast Region,New York,19378102,-107485,19574549,146900,239922,90870,,93022
2013,Northeast Region,New York,19378102,-111926,19628043,152576,239872,78677,,87296
2014,Northeast Region,New York,19378102,-145183,19656330,148844,237032,85344,,88188
2015,Northeast Region,New York,19378102,-165895,19661411,153820,239363,85244,,85543
2016,Northeast Region,New York,19378102,-193186,19641589,151568,235826,88905,,84258
2017,Northeast Region,New York,19378102,-188585,19590719,160681,230364,67949,,69683
2018,Northeast Region,New York,19378102,-180306,19542209,165728,227099,70375,,61371
2010,South Region,North Carolina,9535483,20593,9574293,18663,29914,4656,9535736,11251
2011,South Region,North Carolina,9535483,30724,9656754,79941,121036,10029,,41095
2012,South Region,North Carolina,9535483,29749,9749123,79506,119573,21892,,40067
2013,South Region,North Carolina,9535483,39304,9843599,84316,119381,19502,,35065
2014,South Region,North Carolina,9535483,34784,9933944,83478,120194,18228,,36716
2015,South Region,North Carolina,9535483,44664,10033079,88440,120832,21672,,32392
2016,South Region,North Carolina,9535483,70785,10156679,89161,120839,20960,,31678
2017,South Region,North Carolina,9535483,64795,10270800,91567,120077,20640,,28510
2018,South Region,North Carolina,9535483,66991,10383620,93060,118784,20035,,25724
2010,Midwest Region,North Dakota,672591,813,674710,1496,2338,434,672576,842
2011,Midwest Region,North Dakota,672591,5991,685136,6054,9211,1077,,3157
2012,Midwest Region,North Dakota,672591,10571,701116,5935,9873,1137,,3938
2013,Midwest Region,North Dakota,672591,15341,721999,6224,10252,1096,,4028
2014,Midwest Region,North Dakota,672591,9531,737382,6210,10980,787,,4770
2015,Midwest Region,North Dakota,672591,9344,754022,6348,11404,2068,,5056
2016,Midwest Region,North Dakota,672591,-6287,754353,6164,11333,1409,,5169
2017,Midwest Region,North Dakota,672591,-6997,755176,6054,11182,2659,,5128
2018,Midwest Region,North Dakota,672591,-2379,760077,6213,10869,2597,,4656
2010,Midwest Region,Ohio,11536504,-8654,11539327,26552,34809,3342,11536757,8257
2011,Midwest Region,Ohio,11536504,-37755,11543463,110676,137927,14680,,27251
2012,Midwest Region,Ohio,11536504,-38549,11548369,111412,137682,17524,,26270
2013,Midwest Region,Ohio,11536504,-19895,11576576,114516,139089,24116,,24573
2014,Midwest Region,Ohio,11536504,-21196,11602973,111897,139560,20842,,27663
2015,Midwest Region,Ohio,11536504,-30303,11617850,118280,139546,24567,,21266
2016,Midwest Region,Ohio,11536504,-28034,11635003,117533,138674,24390,,21141
2017,Midwest Region,Ohio,11536504,-8133,11664129,118051,136206,19421,,18155
2018,Midwest Region,Ohio,11536504,-12146,11689442,117359,134734,20514,,17375
2010,South Region,Oklahoma,3751351,1545,3759632,8179,13148,1215,3751583,4969
2011,South Region,Oklahoma,3751351,6626,3787821,37673,52554,6712,,14881
2012,South Region,Oklahoma,3751351,8672,3818600,36952,52346,6622,,15394
2013,South Region,Oklahoma,3751351,13996,3853205,38616,53345,5678,,14729
2014,South Region,Oklahoma,3751351,4275,3878367,38623,53079,6538,,14456
2015,South Region,Oklahoma,3751351,8324,3909831,39728,53529,9408,,13801
2016,South Region,Oklahoma,3751351,-4333,3926769,39265,52856,7764,,13591
2017,South Region,Oklahoma,3751351,-10472,3932640,39769,51758,4406,,11989
2018,South Region,Oklahoma,3751351,-4474,3943079,40050,50778,4272,,10728
2010,West Region,Oregon,3831074,986,3837532,7799,11881,1606,3831075,4082
2011,West Region,Oregon,3831074,10918,3871728,32516,45394,10421,,12878
2012,West Region,Oregon,3831074,11098,3899118,32946,44912,4418,,11966
2013,West Region,Oregon,3831074,8870,3922908,33414,44991,3407,,11577
2014,West Region,Oregon,3831074,22447,3964106,33812,45474,6943,,11662
2015,West Region,Oregon,3831074,36822,4016918,35357,45681,5343,,10324
2016,West Region,Oregon,3831074,51262,4091404,35317,45598,12755,,10281
2017,West Region,Oregon,3831074,37490,4146592,35933,45389,8167,,9456
2018,West Region,Oregon,3831074,26819,4190713,36052,45166,8177,,9114
2010,Northeast Region,Pennsylvania,12702379,-1693,12711158,30214,36121,5457,12702873,5907
2011,Northeast Region,Pennsylvania,12702379,-8176,12744583,127699,142975,27481,,15276
2012,Northeast Region,Pennsylvania,12702379,-18630,12766827,125499,142120,25615,,16621
2013,Northeast Region,Pennsylvania,12702379,-29890,12776621,130945,141805,29587,,10860
2014,Northeast Region,Pennsylvania,12702379,-36475,12789101,126713,142202,34772,,15489
2015,Northeast Region,Pennsylvania,12702379,-43725,12785759,132623,141913,31937,,9290
2016,Northeast Region,Pennsylvania,12702379,-50399,12783538,129938,140256,38222,,10318
2017,Northeast Region,Pennsylvania,12702379,-27426,12790447,133891,137428,31291,,3537
2018,Northeast Region,Pennsylvania,12702379,-20463,12807060,133562,135905,35377,,2343
2010,Northeast Region,Rhode Island,1052567,-1174,1053938,2338,2873,1669,1052957,535
2011,Northeast Region,Rhode Island,1052567,-6155,1053536,9767,11003,4491,,1236
2012,Northeast Region,Rhode Island,1052567,-4996,1054601,9321,11009,4411,,1688
2013,Northeast Region,Rhode Island,1052567,-4505,1055122,9636,10869,3825,,1233
2014,Northeast Region,Rhode Island,1052567,-3534,1056017,9696,10726,3495,,1030
2015,Northeast Region,Rhode Island,1052567,-5143,1056173,10071,10876,4541,,805
2016,Northeast Region,Rhode Island,1052567,-4443,1057063,9822,10902,4276,,1080
2017,Northeast Region,Rhode Island,1052567,-3908,1056486,9816,10768,2410,,952
2018,Northeast Region,Rhode Island,1052567,-2639,1057315,9830,10575,2755,,745
2010,South Region,South Carolina,4625364,4477,4635656,9675,14180,1178,4625381,4505
2011,South Region,South Carolina,4625364,17335,4671422,42035,57475,2742,,15440
2012,South Region,South Carolina,4625364,23939,4717112,42075,57522,5917,,15447
2013,South Region,South Carolina,4625364,29597,4764153,44661,56560,5153,,11899
2014,South Region,South Carolina,4625364,39857,4823793,44521,57287,6332,,12766
2015,South Region,South Carolina,4625364,49011,4892253,46825,58277,7406,,11452
2016,South Region,South Carolina,4625364,50184,4958235,47248,57757,5123,,10509
2017,South Region,South Carolina,4625364,49600,5021219,49134,56668,5706,,7534
2018,South Region,South Carolina,4625364,50775,5084127,49776,56238,5490,,6462
2010,Midwest Region,South Dakota,814180,679,816165,1927,3032,169,814198,1105
2011,Midwest Region,South Dakota,814180,1563,823484,7295,11796,1245,,4501
2012,Midwest Region,South Dakota,814180,3356,833496,7433,11891,2107,,4458
2013,Midwest Region,South Dakota,814180,3836,842270,7291,12059,91,,4768
2014,Midwest Region,South Dakota,814180,408,849088,7172,12440,1069,,5268
2015,Midwest Region,South Dakota,814180,-1226,853933,7753,12255,1610,,4502
2016,Midwest Region,South Dakota,814180,1251,862890,7770,12321,3173,,4551
2017,Midwest Region,South Dakota,814180,2006,873286,7374,12093,3678,,4719
2018,Midwest Region,South Dakota,814180,638,882235,7293,11943,3659,,4650
2010,South Region,Tennessee,6346105,2839,6355301,14307,19659,1000,6346286,5352
2011,South Region,Tennessee,6346105,15053,6397410,60208,78616,8646,,18408
2012,South Region,Tennessee,6346105,26026,6451281,60638,80309,7918,,19671
2013,South Region,Tennessee,6346105,15067,6493432,63491,80283,9920,,16792
2014,South Region,Tennessee,6346105,22614,6540826,63546,80453,7558,,16907
2015,South Region,Tennessee,6346105,24065,6590808,66104,81879,10051,,15775
2016,South Region,Tennessee,6346105,31894,6645011,66636,81259,7649,,14623
2017,South Region,Tennessee,6346105,41875,6708794,67384,80204,9043,,12820
2018,South Region,Tennessee,6346105,39952,6770010,67259,79474,8994,,12215
2010,South Region,Texas,25145561,28034,25242679,40966,92759,15567,25146114,51793
2011,South Region,Texas,25145561,117054,25646227,168090,381742,71953,,213652
2012,South Region,Texas,25145561,143712,26089620,169149,378109,88080,,208960
2013,South Region,Texas,25145561,108849,26489464,178632,384420,83041,,205788
2014,South Region,Texas,25145561,160926,26977142,180772,394325,110340,,213553
2015,South Region,Texas,25145561,172520,27486814,187892,402277,121124,,214385
2016,South Region,Texas,25145561,122969,27937492,188835,400968,115228,,212133
2017,South Region,Texas,25145561,82801,28322717,196396,395212,103032,,198816
2018,South Region,Texas,25145561,82569,28701845,200500,391451,104976,,190951
2010,West Region,Utah,2763885,477,2775334,3687,13752,959,2763891,10065
2011,West Region,Utah,2763885,-567,2814216,15008,51925,2673,,36917
2012,West Region,Utah,2763885,-662,2853467,15475,50448,5024,,34973
2013,West Region,Utah,2763885,5657,2897927,16280,51852,3322,,35572
2014,West Region,Utah,2763885,-202,2937399,16277,50830,5315,,34553
2015,West Region,Utah,2763885,7597,2982497,17247,51014,3951,,33767
2016,West Region,Utah,2763885,19871,3042613,17785,50623,7371,,32838
2017,West Region,Utah,2763885,18359,3103118,17187,50317,8973,,33130
2018,West Region,Utah,2763885,16052,3161105,17156,50124,8967,,32968
2010,Northeast Region,Vermont,625741,-217,625880,1330,1659,86,625744,329
2011,Northeast Region,Vermont,625741,-636,626979,5431,6053,1158,,622
2012,Northeast Region,Vermont,625741,-1722,626063,5456,6087,215,,631
2013,Northeast Region,Vermont,625741,-529,626212,5559,5978,321,,419
2014,Northeast Region,Vermont,625741,-1721,625218,5607,6118,291,,511
2015,Northeast Region,Vermont,625741,-2162,625197,5934,5969,2146,,35
2016,Northeast Region,Vermont,625741,-2213,623644,5821,5834,659,,13
2017,Northeast Region,Vermont,625741,-852,624525,5738,5679,1822,,-59
2018,Northeast Region,Vermont,625741,-62,626299,5587,5599,1850,,12
2010,South Region,Virginia,8001024,5493,8023680,14668,25715,5747,8001055,11047
2011,South Region,Virginia,8001024,12030,8100469,60444,102344,22666,,41900
2012,South Region,Virginia,8001024,5020,8185229,60214,102755,36982,,42541
2013,South Region,Virginia,8001024,3217,8253053,63413,102539,25574,,39126
2014,South Region,Virginia,8001024,-15804,8312076,62633,102589,34565,,39956
2015,South Region,Virginia,8001024,-25452,8362907,65500,103237,38389,,37737
2016,South Region,Virginia,8001024,-24951,8410946,65592,102906,35636,,37314
2017,South Region,Virginia,8001024,-12485,8465207,67237,101529,32541,,34292
2018,South Region,Virginia,8001024,-9831,8517685,68820,99570,31641,,30750
2010,West Region,Washington,6724540,2304,6742902,11825,22236,5947,6724540,10411
2011,West Region,Washington,6724540,22109,6821655,49850,86680,19797,,36830
2012,West Region,Washington,6724540,12300,6892876,49438,86718,21908,,37280
2013,West Region,Washington,6724540,14660,6962906,51321,87238,19429,,35917
2014,West Region,Washington,6724540,22944,7052439,51268,87393,30640,,36125
2015,West Region,Washington,6724540,43178,7163543,53858,88770,32866,,34912
2016,West Region,Washington,6724540,66774,7294680,54693,89747,29086,,35054
2017,West Region,Washington,6724540,64662,7425432,56067,90701,31204,,34634
2018,West Region,Washington,6724540,46549,7535591,57568,90495,30557,,32927
2010,South Region,West Virginia,1852994,1318,1854214,5233,5104,82,1853001,-129
2011,South Region,West Virginia,1852994,1501,1856074,21908,20466,1867,,-1442
2012,South Region,West Virginia,1852994,730,1856764,21492,20676,890,,-816
2013,South Region,West Virginia,1852994,-2124,1853873,22253,20926,634,,-1327
2014,South Region,West Virginia,1852994,-4254,1849467,21666,20571,996,,-1095
2015,South Region,West Virginia,1852994,-5989,1841996,22782,20088,1268,,-2694
2016,South Region,West Virginia,1852994,-9046,1830929,22459,19416,1037,,-3043
2017,South Region,West Virginia,1852994,-10107,1817048,22629,18547,332,,-4082
2018,South Region,West Virginia,1852994,-7029,1805832,22551,18010,386,,-4541
2010,Midwest Region,Wisconsin,5686986,-3451,5690479,11754,17550,1173,5687282,5796
2011,Midwest Region,Wisconsin,5686986,-8869,5704755,48483,67791,4062,,19308
2012,Midwest Region,Wisconsin,5686986,-10190,5719855,47888,67653,5819,,19765
2013,Midwest Region,Wisconsin,5686986,-7347,5736952,50041,66892,7967,,16851
2014,Midwest Region,Wisconsin,5686986,-9988,5751974,49317,67067,7732,,17750
2015,Midwest Region,Wisconsin,5686986,-15112,5761406,51258,67152,9022,,15894
2016,Midwest Region,Wisconsin,5686986,-11395,5772958,51360,66787,7657,,15427
2017,Midwest Region,Wisconsin,5686986,-3318,5792051,50587,65705,7483,,15118
2018,Midwest Region,Wisconsin,5686986,-1011,5813568,50283,64939,8051,,14656
2010,West Region,Wyoming,563626,-232,564483,1291,1994,171,563773,703
2011,West Region,Wyoming,563626,-47,567224,4450,7471,-237,,3021
2012,West Region,Wyoming,563626,5345,576270,4379,7437,463,,3058
2013,West Region,Wyoming,563626,2387,582123,4616,7515,479,,2899
2014,West Region,Wyoming,563626,-2528,582548,4535,7709,-243,,3174
2015,West Region,Wyoming,563626,-604,585668,4838,7797,776,,2959
2016,West Region,Wyoming,563626,-4601,584290,4797,7582,421,,2785
2017,West Region,Wyoming,563626,-8546,578934,4621,7150,622,,2529
2018,West Region,Wyoming,563626,-3686,577737,4947,6840,597,,1893
2010,Puerto Rico,Puerto Rico,3725789,0,3721525,7138,9603,-7097,3726157,2465
2011,Puerto Rico,Puerto Rico,3725789,0,3678732,30260,41243,-53776,,10983
2012,Puerto Rico,Puerto Rico,3725789,0,3634488,29742,40282,-54784,,10540
2013,Puerto Rico,Puerto Rico,3725789,0,3593077,29399,37871,-49883,,8472
2014,Puerto Rico,Puerto Rico,3725789,0,3534874,28831,35717,-65089,,6886
2015,Puerto Rico,Puerto Rico,3725789,0,3473166,29917,32966,-64757,,3049
2016,Puerto Rico,Puerto Rico,3725789,0,3406495,28497,30104,-68278,,1607
2017,Puerto Rico,Puerto Rico,3725789,0,3325001,29532,26226,-78188,,-3306
2018,Puerto Rico,Puerto Rico,3725789,0,3195153,30771,24322,-123399,,-6449
